code,system
d4..,readv2
d4k..,readv2
d5..,readv2
d56..,readv2
d41..,readv2
d4e..,readv2
d42..,readv2
d43..,readv2
d45..,readv2
d51..,readv2
da1..,readv2
d46..,readv2
d52..,readv2
d53..,readv2
d47..,readv2
d55..,readv2
ds1..,readv2
d48..,readv2
d49..,readv2
d4a..,readv2
d4b..,readv2
dhd..,readv2
o58..,readv2
d4c..,readv2
d4d..,readv2
d4f..,readv2
d4g..,readv2
d4h..,readv2
d4i..,readv2
d4j..,readv2
d4n..,readv2
d57..,readv2
d4l..,readv2
d4m..,readv2
d4p..,readv2
d4q..,readv2
d4r..,readv2
d58..,readv2
d4s..,readv2
d4t..,readv2
d4u..,readv2
d4v..,readv2
d4w..,readv2
d4x..,readv2
d54..,readv2
dh2..,readv2
dhi..,readv2
dher.,readv2
dhes.,readv2
dhey.,readv2
dhez.,readv2
o52..,readv2